<?xml version="1.0" encoding="utf-8"?>
<Defs>
<!--
  <ThingDef ParentName="PRFMassStorageBase">
    <defName>NEC_TinyWoodCrate</defName>
    <label>Tiny wooden crate</label>
    <graphicData>
      <texPath>Storage/Wood_Crate6</texPath>
      <drawSize>(1,1)</drawSize>
      <color>(133,97,67,256)</color>
      <drawRotated>false</drawRotated>
    </graphicData>
    <statBases>
      <Mass>5</Mass>
      <MaxHitPoints>50</MaxHitPoints>
      <WorkToBuild>700</WorkToBuild>
      <Flammability>1.0</Flammability>
      <Beauty>-0.5</Beauty>
    </statBases>
    <building>
      <defaultStorageSettings>
        <priority>Normal</priority>
        <filter>
          <categories>
            <li>Manufactured</li>
            <li>ResourcesRaw</li>
            <li>Items</li>
            <li>BuildingsArt</li>
            <li>Weapons</li>
            <li>Apparel</li>
            <li>BodyParts</li>
          </categories>
          <specialFiltersToDisallow>
            <li>AllowRotten</li>
          </specialFiltersToDisallow>
        </filter>
      </defaultStorageSettings>
    </building>
    <description>An tiny crate to store things in. This crate has 2 container slots. Items will not deteriorate within the container.</description>
    <size>(1,1)</size>
    <rotatable>true</rotatable>
    <costList>
      <Steel>30</Steel>
    </costList>
    <constructEffect>ConstructWood</constructEffect>
    <modExtensions>
      <li Class="ProjectRimFactory.Storage.Editables.DefModExtension_Crate">
        <limit>2</limit>
        <hideItems>true</hideItems>
      </li>
    </modExtensions>
  </ThingDef>

  <ThingDef ParentName="PRFMassStorageBase">
    <defName>NEC_TinySteelCrate</defName>
    <label>Tiny steel crate</label>
    <graphicData>
      <texPath>Storage/Steel_Crate_tiny</texPath>
      <drawSize>(1,1)</drawSize>
      <color>(133,97,67,256)</color>
      <drawRotated>false</drawRotated>
    </graphicData>
    <statBases>
      <Mass>5</Mass>
      <MaxHitPoints>50</MaxHitPoints>
      <WorkToBuild>700</WorkToBuild>
      <Flammability>1.0</Flammability>
      <Beauty>-0.5</Beauty>
    </statBases>
    <building>
      <defaultStorageSettings>
        <priority>Normal</priority>
        <filter>
          <categories>
            <li>Manufactured</li>
            <li>ResourcesRaw</li>
            <li>Items</li>
            <li>BuildingsArt</li>
            <li>Weapons</li>
            <li>Apparel</li>
            <li>BodyParts</li>
          </categories>
          <specialFiltersToDisallow>
            <li>AllowRotten</li>
          </specialFiltersToDisallow>
        </filter>
      </defaultStorageSettings>
    </building>
    <description>An tiny metal crate to store things in. This crate has 4 container slots. Items will not deteriorate within the container.</description>
    <size>(1,1)</size>
    <rotatable>true</rotatable>
    <costList>
      <WoodLog>25</WoodLog>
      <Steel>6</Steel>
    </costList>
    <constructEffect>ConstructWood</constructEffect>
    <constructionSkillPrerequisite>3</constructionSkillPrerequisite>
    <modExtensions>
      <li Class="ProjectRimFactory.Storage.Editables.DefModExtension_Crate">
        <limit>4</limit>
        <hideItems>true</hideItems>
      </li>
    </modExtensions>
    <researchPrerequisites>
      <li>PRFStorage</li>
    </researchPrerequisites>
  </ThingDef> -->


  <ThingDef ParentName="PRFMassStorageBase">
    <defName>NEC_SmallUndergroundVault</defName>
    <label>Small underground vault</label>
    <graphicData>
      <texPath>SmallVaultHatch</texPath>
      <drawSize>(1,2)</drawSize>
      <drawRotated>false</drawRotated>
    </graphicData>
    <castEdgeShadows>false</castEdgeShadows>
    <staticSunShadowHeight>0</staticSunShadowHeight>
    <canOverlapZones>false</canOverlapZones>
    <statBases>
      <Mass>60</Mass>
      <MaxHitPoints>1000</MaxHitPoints>
      <WorkToBuild>2400</WorkToBuild>
      <Flammability>0</Flammability>
      <Beauty>-1</Beauty>
    </statBases>
    <building>
      <defaultStorageSettings>
        <priority>Normal</priority>
        <filter>
          <categories>
            <li>Manufactured</li>
            <li>ResourcesRaw</li>
            <li>Items</li>
            <li>BuildingsArt</li>
            <li>Weapons</li>
            <li>Apparel</li>
            <li>BodyParts</li>
          </categories>
          <specialFiltersToDisallow>
            <li>AllowRotten</li>
          </specialFiltersToDisallow>
        </filter>
      </defaultStorageSettings>
    </building>
    <description>This small underground vault is near impenetrable and has 512 container slots. The underground portion contains a quick-lift elevator system to gain access to deep levels in the ground. Items will not deteriorate within the vault.</description>
    <size>(1,2)</size>
    <rotatable>true</rotatable>
    <costList>
      <Steel>240</Steel>
      <ComponentIndustrial>6</ComponentIndustrial>
    </costList>
    <constructEffect>ConstructMetal</constructEffect>
    <constructionSkillPrerequisite>7</constructionSkillPrerequisite>
    <modExtensions>
      <li Class="ProjectRimFactory.Storage.Editables.DefModExtension_Crate">
        <limit>512</limit>
        <hideItems>true</hideItems>
      </li>
    </modExtensions>
    <researchPrerequisites>
      <li>PRFStorage</li>
    </researchPrerequisites>
  </ThingDef>

  <ThingDef ParentName="PRFMassStorageBase">
    <defName>NEC_UndergroundVault</defName>
    <label>Underground vault</label>
    <graphicData>
      <texPath>VaultHatch</texPath>
      <drawSize>(2,2)</drawSize>
      <drawRotated>false</drawRotated>
    </graphicData>
    <castEdgeShadows>false</castEdgeShadows>
    <staticSunShadowHeight>0</staticSunShadowHeight>
    <canOverlapZones>false</canOverlapZones>
    <statBases>
      <Mass>60</Mass>
      <MaxHitPoints>1500</MaxHitPoints>
      <WorkToBuild>2400</WorkToBuild>
      <Flammability>0</Flammability>
      <Beauty>-2</Beauty>
    </statBases>
    <building>
      <defaultStorageSettings>
        <priority>Normal</priority>
        <filter>
          <categories>
            <li>Manufactured</li>
            <li>ResourcesRaw</li>
            <li>Items</li>
            <li>BuildingsArt</li>
            <li>Weapons</li>
            <li>Apparel</li>
            <li>BodyParts</li>
          </categories>
          <specialFiltersToDisallow>
            <li>AllowRotten</li>
          </specialFiltersToDisallow>
        </filter>
      </defaultStorageSettings>
    </building>
    <description>This giant underground vault is near impenetrable and has 1,024 container slots. The underground portion contains a quick-lift elevator system to gain access to deep levels in the ground. Items will not deteriorate within the vault.</description>
    <size>(2,2)</size>
    <rotatable>false</rotatable>
    <costList>
      <Steel>540</Steel>
      <ComponentIndustrial>12</ComponentIndustrial>
    </costList>
    <constructEffect>ConstructMetal</constructEffect>
    <constructionSkillPrerequisite>11</constructionSkillPrerequisite>
    <modExtensions>
      <li Class="ProjectRimFactory.Storage.Editables.DefModExtension_Crate">
        <limit>1024</limit>
        <hideItems>true</hideItems>
      </li>
    </modExtensions>
    <researchPrerequisites>
      <li>PRFStorage</li>
    </researchPrerequisites>
  </ThingDef>

</Defs>